source_key,source_type,doi,patent_publication_number,patent_family_id,source_url,publication_year,journal_or_assignee,evidence_row_count,protocol_unit_count,variant_count,representative_pages,local_paths
10.1002/bab.1338,literature,10.1002/bab.1338,,,,2015,Biotechnology and Applied Biochemistry,1,1,1,LMT_PAGE_UM1,Article/耐甲醇相关脂肪酶文献/Biotech and App Biochem - 2015 - Yuan - Screening and characterization of a thermostable lipase from marine Streptomyces sp.pdf
10.1002/biot.201500305,literature,10.1002/biot.201500305,,,,2016,Biotechnology Journal,2,1,1,LMT_PAGE_BCL,Article/耐甲醇相关脂肪酶文献/新增/Biotechnology Journal - 2016 - Sasso - Burkholderia cepacia lipase is a promising biocatalyst for biofuel production.pdf
10.1002/cctc.201901369,literature,10.1002/cctc.201901369,,,,2020,ChemCatChem,42,14,14,,Article/耐甲醇相关脂肪酶文献/BridgestoStabilityEngineeringDisulfideBondsTowards.pdf
10.1002/ceat.201300851,literature,10.1002/ceat.201300851,,,,2014,Chemical Engineering & Technology,2,2,2,,Article/耐甲醇相关脂肪酶文献/人工下载/Chem Eng Technol - 2014 - Romero - Activity and Stability of Lipase Preparations from Penicillium corylophilum Potential.pdf
10.1002/chem.202004471,literature,10.1002/chem.202004471,,,,2021,Chemistry - A European Journal,30,5,5,,Article/耐甲醇相关脂肪酶文献/新录入/CompassR-Yields-Highly-Organic-Solvent-Tolerant-Enzymes-through-Recombination-of-Compatible-Substitutions.pdf
10.1002/jctb.1875,literature,10.1002/jctb.1875,,,,2008,Journal of Chemical Technology and Biotechnology,1,1,1,,Article/耐甲醇相关脂肪酶文献/人工下载/J of Chemical Tech Biotech - 2008 - Volpato - Production of organic solvent tolerant lipase by Staphylococcus.pdf
10.1002/jobm.201400730,literature,10.1002/jobm.201400730,,,,2015,Journal of Basic Microbiology,4,1,1,,Article/耐甲醇相关脂肪酶文献/literature_source_count_manual/Journal of Basic Microbiology - 2015 - Ji - Purification and characterization of an extracellular cold‐adapted alkaline.pdf
10.1002/jobm.201800116,literature,10.1002/jobm.201800116,,,,2018,Journal of Basic Microbiology,2,2,1,,Article/耐甲醇相关脂肪酶文献/人工下载/从古代盐井中纯化和表征Chromohalobacter属的亲卤性脂肪酶.pdf
10.1002/jsde.12731,literature,10.1002/jsde.12731,,,,2024,Journal of Surfactants and Detergents,1,1,1,,Article/耐甲醇相关脂肪酶文献/literature_source_count_manual/J Surfact Detergents - 2024 - Zafar - Heterologous expression and characterization of a novel thermostable and alkali.pdf
10.1002/pro.2271,literature,10.1002/pro.2271,,,,2013,Protein Science,10,1,1,,Article/耐甲醇相关脂肪酶文献/新增/Protein Science - 2013 - Kamal - Lipase in aqueous‐polar organic solvents Activity structure and stability.pdf
10.1007/s00253-015-6700-4,literature,10.1007/s00253-015-6700-4,,,,2015,Applied Microbiology and Biotechnology,32,4,4,,Article/耐甲醇相关脂肪酶文献/关于脂酰菌脂酰菌T6甲醇稳定变异的结构洞见.pdf
10.1007/s00253-023-12396-5,literature,10.1007/s00253-023-12396-5,,,,2023,Applied Microbiology and Biotechnology,16,2,2,,Article/耐甲醇相关脂肪酶文献/Knotting terminal ends of mutant T1 lipase with disulfide bond .pdf
10.1007/s00253-024-13185-4,literature,10.1007/s00253-024-13185-4,,,,2024,Applied Microbiology and Biotechnology,1,1,1,,Article/耐甲醇相关脂肪酶文献/新录入/A-lipase-from-Lacticaseibacillus-rhamnosus-IDCC-3201-with-thermostability-and-pH-resistance-for-use-as-a-detergent-additive-2.pdf
10.1007/s00253-026-13788-z,literature,10.1007/s00253-026-13788-z,,,,2026,Applied Microbiology and Biotechnology,1,1,1,,Article/耐甲醇相关脂肪酶文献/新录入/Burkholderia-gladioli-Bsp1-2026-acidophilic-nhexane-tolerant-lipase.pdf
10.1007/s00449-011-0598-8,literature,10.1007/s00449-011-0598-8,,,,2012,Bioprocess and Biosystems Engineering,6,1,1,,Article/耐甲醇相关脂肪酶文献/一种适用于新分离链霉菌属CS326的生物柴油生产中性脂肪酶.pdf
10.1007/s00792-016-0809-y,literature,10.1007/s00792-016-0809-y,,,,2016,Extremophiles,1,1,1,,Article/耐甲醇相关脂肪酶文献/人工下载/一种来自黄单胞菌（Xanthomonas oryzae pv）的新型热稳定性和有机溶剂耐受脂肪酶。奥里扎YB103：筛选、纯化与表征.pdf
10.1007/s00792-018-0997-8,literature,10.1007/s00792-018-0997-8,,,,2018,Extremophiles,8,2,1,,Article/耐甲醇相关脂肪酶文献/人工下载/纯化与表征一种新型有机溶剂耐受且适应冷的脂肪酶，源自Psychrobacter属ZY124.pdf
10.1007/s00894-020-04396-3,literature,10.1007/s00894-020-04396-3,,,,2020,Journal of Molecular Modeling,9,1,1,,Article/耐甲醇相关脂肪酶文献/人工下载/理解热嗜碱性脂肪酶的热溶剂和有机溶剂稳定性：计算预测与实验的见解.pdf
10.1007/s10295-008-0473-z,literature,10.1007/s10295-008-0473-z,,,,2009,Journal of Industrial Microbiology & Biotechnology,1,1,1,,Article/耐甲醇相关脂肪酶文献/人工下载/利用大豆作为底物，纯化和表征蒙特假单胞菌TKU009的细胞外脂肪酶.pdf
10.1007/s10930-010-9251-7,literature,10.1007/s10930-010-9251-7,,,,2012,Protein Journal,6,6,1,,Article/耐甲醇相关脂肪酶文献/人工下载/熔融球体触发的亲水溶剂中热稳定且溶剂稳定的脂肪酶失活.pdf
10.1007/s11745-017-4265-y,literature,10.1007/s11745-017-4265-y,,,,2017,Lipids,1,1,1,,Article/耐甲醇相关脂肪酶文献/人工下载/新型热嗜热有机溶剂稳定脂肪酶的鉴定与特征.pdf
10.1007/s12010-009-8841-3,literature,10.1007/s12010-009-8841-3,,,,2010,Applied Biochemistry and Biotechnology,2,1,1,,Article/耐甲醇相关脂肪酶文献/人工下载/来自铜绿假单胞菌（Pseudomonas aeruginosa CS-2）有机溶剂耐受脂肪酶的纯化与表征.pdf
10.1007/s12010-012-9584-0,literature,10.1007/s12010-012-9584-0,,,,2012,Applied Biochemistry and Biotechnology,1,1,1,,Article/耐甲醇相关脂肪酶文献/新录入/Characterization of Smallest Active Monomeric Lipase from Novel Rhizopus Strain Application in Transesterification.pdf
10.1007/s12010-013-0406-9,literature,10.1007/s12010-013-0406-9,,,,2013,Applied Biochemistry and Biotechnology,3,1,1,,"Article/耐甲醇相关脂肪酶文献/新录入/A Cold-Adapted and Organic Solvent-Tolerant Lipase from a Psychrotrophic Bacterium Pseudomonas sp. Strain YY31 Identification, Cloning, and Characterization.pdf"
10.1007/s12010-013-0610-7,literature,10.1007/s12010-013-0610-7,,,,2014,Applied Biochemistry and Biotechnology,1,1,1,,Article/耐甲醇相关脂肪酶文献/人工下载/由链霉菌属CS273的有机耐溶剂碱性脂肪酶对废弃食用油进行转酯化.pdf
10.1007/s12010-013-0690-4,literature,10.1007/s12010-013-0690-4,,,,2014,Applied Biochemistry and Biotechnology,12,12,4,,Article/耐甲醇相关脂肪酶文献/人工下载/通过定点诱变确定，Gly33在一种新型有机耐溶剂耐受脂肪酶中的Serratia marcescens ECU1010中的关键作用.pdf
10.1007/s12010-025-05392-0,literature,10.1007/s12010-025-05392-0,,,,2025,Applied Biochemistry and Biotechnology,1,1,1,,Article/耐甲醇相关脂肪酶文献/人工下载/Immobilized Ancient Lipase for Waste‑to‑Fuel Biocatalysis.pdf
10.1007/s12223-014-0320-8,literature,10.1007/s12223-014-0320-8,,,,2014,Folia Microbiologica,1,1,1,,Article/耐甲醇相关脂肪酶文献/人工下载/来自Haloarcula属的有机溶剂耐受脂肪酶的表征G41及其在生物柴油生产中的应用.pdf
10.1007/s12257-011-0347-5,literature,10.1007/s12257-011-0347-5,,,,2012,Biotechnology and Bioprocess Engineering,6,1,1,,Article/耐甲醇相关脂肪酶文献/新增/链霉菌属CS268的有机耐溶剂碱性脂肪酶及其在生物柴油生产中的应用 (2).pdf
10.1007/s13197-020-04784-w,literature,10.1007/s13197-020-04784-w,,,,2020,Journal of Food Science and Technology,3,1,1,,Article/耐甲醇相关脂肪酶文献/新录入/Streptomyces_pratensis_MV1_PMC7498116.pdf
10.1007/s13205-018-1414-9,literature,10.1007/s13205-018-1414-9,,,,2018,3 Biotech,1,1,1,,"Article/耐甲醇相关脂肪酶文献/人工下载/Screening, purification and characterization of lipase.pdf"
10.1007/s13205-018-1506-6,literature,10.1007/s13205-018-1506-6,,,,2018,3 Biotech,1,1,1,,Article/耐甲醇相关脂肪酶文献/新录入/Production-and-purification-of-an-alkaline-lipase-from-Bacillus-sp.-for-enantioselective-resolution-of--Ketoprofen-butyl-ester.pdf
10.1007/s13205-021-03095-x,literature,10.1007/s13205-021-03095-x,,,,2022,3 Biotech,24,3,3,LMT_PAGE_CALB,Article/耐甲醇相关脂肪酶文献/Enhancing the methanol tolerance of Candida antarctica lipase B .pdf
10.1007/s43393-023-00179-y,literature,10.1007/s43393-023-00179-y,,,,2023,Systems Microbiology and Biomanufacturing,22,18,11,LMT_PAGE_PML,Article/耐甲醇相关脂肪酶文献/Methanol tolerance upgrading of Proteus mirabilis lipase by machine learning-assisted directed evolution.pdf
10.1016/j.bcab.2014.11.007,literature,10.1016/j.bcab.2014.11.007,,,,2015,Biocatalysis and Agricultural Biotechnology 4 (2015) 103-108,13,13,1,,Article/耐甲醇相关脂肪酶文献/链霉菌属有机溶剂耐受脂肪酶的纯化与表征。用于生物柴油生产的OC119-7.pdf
10.1016/j.bcab.2020.101806,literature,10.1016/j.bcab.2020.101806,,,,2021,Biocatalysis and Agricultural Biotechnology,10,2,1,,Article/耐甲醇相关脂肪酶文献/人工下载/从布伦纳假单胞菌中分离并表征一种新型热溶剂稳定脂肪酶及其在生物柴油合成中的应用.pdf
10.1016/j.bej.2012.03.004,literature,10.1016/j.bej.2012.03.004,,,,2012,Biochemical Engineering Journal,1,1,1,,Article/耐甲醇相关脂肪酶文献/人工下载/从铜银假单胞菌 LC2-8 中提取有机溶剂稳定脂肪酶的纯化与表征，及其在高效分解（R， S）-1-苯乙醇中的应用.pdf
10.1016/j.bej.2022.108659,literature,10.1016/j.bej.2022.108659,,,,2022,Biochemical Engineering Journal,24,12,12,LMT_PAGE_TLL,Article/耐甲醇相关脂肪酶文献/蛋白质工程以提升Thermomyces lanuginosus lipase在甲醇中的稳定性.pdf
10.1016/j.biortech.2013.08.101,literature,10.1016/j.biortech.2013.08.101,,,,2013,Bioresource Technology,6,2,1,,Article/耐甲醇相关脂肪酶文献/人工下载/筛选、纯化及表征一种来自Stenotrophomonas maltophilia CGMCC 4254的新型冷活性有机溶剂耐受脂肪酶.pdf
10.1016/j.biortech.2017.05.108,literature,10.1016/j.biortech.2017.05.108,,,,2017,Bioresource Technology,4,4,4,LMT_PAGE_TLL,Article/耐甲醇相关脂肪酶文献/导向进化Thermomyces lanuginosus脂肪酶，以增强甲醇耐受性，从而高效从废油脂生产生物柴油.pdf
10.1016/j.biortech.2022.126769,literature,10.1016/j.biortech.2022.126769,,,,2022,Bioresource Technology 348 (2022) 126769,78,12,6,LMT_PAGE_RML,Article/耐甲醇相关脂肪酶文献/通过半合理设计提升Rhizomucor miehei脂肪酶的甲醇耐受性和催化活性，用于生物柴油的单步合成.pdf
10.1016/j.biteb.2022.101228,literature,10.1016/j.biteb.2022.101228,,,,2022,Bioresource Technology Reports,2,2,2,,Article/耐甲醇相关脂肪酶文献/literature_source_count_manual/从曲霉属桉树（Aspergillus eucalypticola）中提取脂肪酶的诱变、纯化和表征，122712并展现出车辆油渍的高效去除效果.pdf
10.1016/j.bjm.2015.04.002,literature,10.1016/j.bjm.2015.04.002,,,,2016,Brazilian Journal of Microbiology,2,1,1,,Article/耐甲醇相关脂肪酶文献/新录入/Acinetobacter-AU07-2016-thermostable-organic-solvent-tolerant-lipase.pdf
10.1016/j.cscee.2024.100721,literature,10.1016/j.cscee.2024.100721,,,,2024,Case Studies in Chemical and Environmental Engineering,4,1,1,,Article/耐甲醇相关脂肪酶文献/新录入/Characterization of a thermostable-organic solvent-tolerant lipase from thermotolerant Rhizopus sp. strain PKC12B2 isolated from palm kernel cake.pdf
10.1016/j.enzmictec.2016.10.007,literature,10.1016/j.enzmictec.2016.10.007,,,,2017,Enzyme and Microbial Technology,18,4,1,,Article/耐甲醇相关脂肪酶文献/新增/利用β环糊精作为添加剂增强Yarrowia lipolytica lipase 2的甲醇耐性：实验与分子动力学模拟的见解.pdf
10.1016/j.enzmictec.2017.03.010,literature,10.1016/j.enzmictec.2017.03.010,,,,2017,Enzyme and Microbial Technology,32,4,4,LMT_PAGE_RML,Article/耐甲醇相关脂肪酶文献/新录入/建立并应用改良膜墨迹分析法，用于提升其甲醇耐受性和热稳定性.pdf
10.1016/j.enzmictec.2022.110072,literature,10.1016/j.enzmictec.2022.110072,,,,2022,Enzyme and Microbial Technology,210,37,15,LMT_PAGE_RML,Article/耐甲醇相关脂肪酶文献/新录入/N-糖基化作为增强Rhizomucor miehei脂肪酶生物柴油生产特性的有效策略.pdf
10.1016/j.fuel.2021.121514,literature,10.1016/j.fuel.2021.121514,,,,2021,Fuel,42,7,7,LMT_PAGE_RML,Article/耐甲醇相关脂肪酶文献/人工下载/通过突变N连接糖基化位点增强Rhizomucor miehei脂肪酶的活性和稳定性及其在生物柴油生产中的应用.pdf
10.1016/j.ijbiomac.2016.06.095,literature,10.1016/j.ijbiomac.2016.06.095,,,,2016,International Journal of Biological Macromolecules,1,1,1,,Article/耐甲醇相关脂肪酶文献/人工下载/来自南极铜扁单胞菌的低温适应有机溶剂耐受生物亲和力家族I.3脂肪酶.pdf
10.1016/j.ijbiomac.2017.11.173,literature,10.1016/j.ijbiomac.2017.11.173,,,,2018,International Journal of Biological Macromolecules,4,1,1,,Article/耐甲醇相关脂肪酶文献/新增/对来自地衣菌KM12的新型冷活性、亲盐且耐有机溶剂的脂肪酶进行生化表征，并有望应用于生物柴油生产.pdf
10.1016/j.ijbiomac.2018.05.087,literature,10.1016/j.ijbiomac.2018.05.087,,,,2018,International Journal of Biological Macromolecules,1,1,1,,Article/耐甲醇相关脂肪酶文献/人工下载/来自Haloferax mediterranei CNCMM 50101的有机溶剂耐受性和洗涤剂稳定脂肪酶的纯化与表征.pdf
10.1016/j.ijbiomac.2018.07.169,literature,10.1016/j.ijbiomac.2018.07.169,,,,2018,International Journal of Biological Macromolecules,1,1,1,,Article/耐甲醇相关脂肪酶文献/人工下载/来自Cacillus cohnii菌株N1的冷活性酯酶（EstN7）的克隆、表达及特性分析：IV家族的新成员.pdf
10.1016/j.ijbiomac.2020.02.145,literature,10.1016/j.ijbiomac.2020.02.145,,,,2020,International Journal of Biological Macromolecules,11,2,1,LMT_PAGE_CALB,Article/耐甲醇相关脂肪酶文献/新录入/Diverse effects of aqueous polar co-solvents on Candida antarctica lipase B.pdf
10.1016/j.ijbiomac.2025.148467,literature,10.1016/j.ijbiomac.2025.148467,,,,2025,International Journal of Biological Macromolecules,72,6,6,,Article/耐甲醇相关脂肪酶文献/Engineering of Geobacillus kaustophilus lipase for enhanced catalytic efficiency and methanol tolerance in biodiesel production from sunflower oil.pdf
10.1016/j.jbiosc.2017.06.012,literature,10.1016/j.jbiosc.2017.06.012,,,,2017,Journal of Bioscience and Bioengineering,13,12,1,,Article/耐甲醇相关脂肪酶文献/人工下载/溶剂耐受脂肪酶的高水平表达与表征.pdf
10.1016/j.jbiotec.2012.11.006,literature,10.1016/j.jbiotec.2012.11.006,,,,2013,Journal of Biotechnology,28,21,6,LMT_PAGE_CALB,Article/耐甲醇相关脂肪酶文献/Prediction of the solvent affecting site and the computational design of stable Candida antarctica lipase B in a hydrophilic organic solvent.pdf
10.1016/j.jclepro.2024.141949,literature,10.1016/j.jclepro.2024.141949,,,,2024,Journal of Cleaner Production 450 (2024) 141949,50,10,5,LMT_PAGE_TLL,Article/耐甲醇相关脂肪酶文献/通过合理设计和通过甲醇单步进化生产生物柴油，增强热菌兰格诺斯脂肪酶的甲醇耐受性.pdf
10.1016/j.jgeb.2017.06.007,literature,10.1016/j.jgeb.2017.06.007,,,,2017,Journal of Genetic Engineering and Biotechnology,1,1,1,,Article/耐甲醇相关脂肪酶文献/新录入/Purification-and-characterization-of-lipase-by-Bacillus-methylotrophicus-PS3-under-submerged-fermentation.pdf
10.1016/j.jmgm.2021.107897,literature,10.1016/j.jmgm.2021.107897,,,,2021,Journal of Molecular Graphics and Modelling,248,16,16,,Article/耐甲醇相关脂肪酶文献/新增/增强Geobacillus zalihae T1脂肪酶在有机溶剂中的稳定性及其变体结构稳定性的见解.pdf
10.1016/j.molcatb.2010.06.001,literature,10.1016/j.molcatb.2010.06.001,,,,2010,Journal of Molecular Catalysis B: Enzymatic,1,1,1,,Article/耐甲醇相关脂肪酶文献/新增/来自铜绿假单胞菌LX1的有机耐溶剂脂肪酶的纯化与表征及其在生物柴油生产中的应用.pdf
10.1016/j.molcatb.2013.09.001,literature,10.1016/j.molcatb.2013.09.001,,,,2013,Journal of Molecular Catalysis B: Enzymatic,8,2,2,,Article/耐甲醇相关脂肪酶文献/新增/对一种具有增强酶活性的工程有机溶剂耐受性、热稳定性脂肪酶的表征与分子建模.pdf
10.1016/j.molcatb.2014.03.002,literature,10.1016/j.molcatb.2014.03.002,,,,2014,Journal of Molecular Catalysis B: Enzymatic,3,2,1,,Article/耐甲醇相关脂肪酶文献/新增/甲醇对水相南极念珠菌脂肪酶B的浓度依赖性效应.pdf
10.1016/j.molcatb.2017.03.002,literature,10.1016/j.molcatb.2017.03.002,,,,2016,Journal of Molecular Catalysis B: Enzymatic,10,2,1,,Article/耐甲醇相关脂肪酶文献/深入了解极地有机溶剂中热热亲病菌HB8脂肪酶激活现象的机制.pdf
10.1016/j.pep.2006.04.015,literature,10.1016/j.pep.2006.04.015,,,,2006,Protein Expression and Purification,1,1,1,,Article/耐甲醇相关脂肪酶文献/人工下载/一种来自球芽孢杆菌205y的新型有机溶剂耐受脂肪酶：一种新型OST脂肪酶基因的细胞外表达.pdf
10.1016/j.pep.2018.08.007,literature,10.1016/j.pep.2018.08.007,,,,2019,Protein Expression and Purification,6,2,1,,"Article/耐甲醇相关脂肪酶文献/literature_source_count_manual/Isolation, purification and characterization of a novel solvent stable lipase.pdf"
10.1016/j.procbio.2006.09.019,literature,10.1016/j.procbio.2006.09.019,,,,2007,Process Biochemistry,3,1,1,,Article/耐甲醇相关脂肪酶文献/新增/Yarrowia lipolytica 细胞外脂肪酶 Lip2 的纯化与表征.pdf
10.1016/j.procbio.2008.01.023,literature,10.1016/j.procbio.2008.01.023,,,,2008,Process Biochemistry,3,3,1,,Article/耐甲醇相关脂肪酶文献/人工下载/从Serratia marcescens分离出的有机耐溶剂脂肪酶的生化性质及潜在应用ECU1010.pdf
10.1016/j.procbio.2012.01.003,literature,10.1016/j.procbio.2012.01.003,,,,2012,Process Biochemistry,6,1,1,,Article/耐甲醇相关脂肪酶文献/新增/链霉菌属CS133的有机溶剂耐受脂肪酶，用于有机培养基中植物油的酶转酯化.pdf
10.1016/j.ultsonch.2020.105211,literature,10.1016/j.ultsonch.2020.105211,,,,2020,Ultrasonics - Sonochemistry,54,6,3,,Article/耐甲醇相关脂肪酶文献/人工下载/利用工程化耐甲醇的普氏变形蛋白脂酶，固定在功能化多磺酮珠上，超声辅助生产生物柴油.pdf
10.1021/acs.jafc.4c10663,literature,10.1021/acs.jafc.4c10663,,,,2025,Journal of Agricultural and Food Chemistry,60,5,5,LMT_PAGE_TLL,Article/耐甲醇相关脂肪酶文献/semirational-design-of-methanol-resistant-lipase-mutants-a-pathway-to-efficient-biodiesel-production.pdf
10.1021/acsomega.3c03644,literature,10.1021/acsomega.3c03644,,,,2023,ACS Omega,2,2,2,,Article/耐甲醇相关脂肪酶文献/新录入/CharacterizationofDetergent-CompatibleLipasesfromCandida.pdf
10.1021/jf060835e,literature,10.1021/jf060835e,,,,2006,Journal of Agricultural and Food Chemistry,1,1,1,,Article/耐甲醇相关脂肪酶文献/人工下载/在皮奇亚中高效生产活性重组念珠菌（鲁戈萨）LIP3脂肪酶及纯化酶的生化特性.pdf
10.1021/jf200537w,literature,10.1021/jf200537w,,,,2011,Journal of Agricultural and Food Chemistry,2,2,2,,Article/耐甲醇相关脂肪酶文献/人工下载/通过去除额外的N端肽和区域密码子优化，工程化重组念珠菌鲁戈萨LIP2脂肪酶的表达和生化特性.pdf
10.1038/s41598-017-16036-7,literature,10.1038/s41598-017-16036-7,,,,2017,Scientific Reports,1,1,1,,Article/耐甲醇相关脂肪酶文献/新录入/Pseudomonas-fluorescens-Pf0-1-2017-biodiesel-lipase.pdf
10.1038/s41598-018-27579-8,literature,10.1038/s41598-018-27579-8,,,,2018,Scientific Reports,4,4,2,,Article/耐甲醇相关脂肪酶文献/新录入/Tailoring-recombinant-lipases-keeping-the-His-tag-favors-esterification-reactions-removing-it-favors-hydrolysi.pdf
10.1038/s41598-020-79199-w,literature,10.1038/s41598-020-79199-w,,,,2020,Scientific Reports,1,1,1,,Article/耐甲醇相关脂肪酶文献/新录入/Pseudomonas-fluorescence-KE38-2020-cold-adapted-lipase.pdf
10.1038/sj.jim.2900528,literature,10.1038/sj.jim.2900528,,,,1998,Journal of Industrial Microbiology & Biotechnology,1,1,1,,Article/耐甲醇相关脂肪酶文献/人工下载/铜绿假单胞菌（Pseudomonas aeruginosa KKA-5）脂肪酶的纯化与表征及其在蓖麻油水解中的作用.pdf
10.1039/c3ob41076e,literature,10.1039/c3ob41076e,,,,2013,Organic & Biomolecular Chemistry,36,6,6,LMT_PAGE_CALB,Article/耐甲醇相关脂肪酶文献/新录入/Chemical modification for improving activity and.pdf
10.1039/c9ra04365a,literature,10.1039/c9ra04365a,,,,2019,RSC Advances,3,1,1,,Article/耐甲醇相关脂肪酶文献/人工下载/通过碳酸钙模板法合成多孔CLEAs脂肪酶及其在生物柴油生产中的应用.pdf
10.1080/10242422.2018.1506445,literature,10.1080/10242422.2018.1506445,,,,2018,Biocatalysis and Biotransformation,3,1,1,,Article/耐甲醇相关脂肪酶文献/literature_source_count_manual/Purification and characterization of a mesophilic organic solvent tolerant lipase produced by Acinetobacter sp. K5b4.pdf
10.1080/10826068.2021.1920034,literature,10.1080/10826068.2021.1920034,,,,2022,Preparative Biochemistry & Biotechnology,1,1,1,,Article/耐甲醇相关脂肪酶文献/人工下载/Optimization of an organic solvent-tolerant lipase production by Staphylococcus capitis SH6. Immobilization for biodiesel production and biodegradatio.pdf
10.1080/10826068.2023.2279111,literature,10.1080/10826068.2023.2279111,,,,2023,Preparative Biochemistry & Biotechnology,2,2,1,,Article/耐甲醇相关脂肪酶文献/人工下载/来自耐热且溶剂耐受的芽孢杆菌属菌株链球菌标记纯化重组脂肪酶的特性及溶剂稳定性特征 42.pdf
10.1080/14756366.2020.1861607,literature,10.1080/14756366.2020.1861607,,,,2021,Journal of Enzyme Inhibition and Medicinal Chemistry,6,3,1,,Article/耐甲醇相关脂肪酶文献/人工下载/新发现的脂质葡萄球菌（Staphylococcus caprae caprae NCU S6）新型脂肪酶的生产、纯化及生化表征.pdf
10.1093/femsec/fiw046,literature,10.1093/femsec/fiw046,,,,2016,FEMS Microbiology Ecology,2,1,1,,Article/耐甲醇相关脂肪酶文献/人工下载/来自永久冻土宏基因组库中具有GCSAG基序的新酯酶表达与表征.pdf
10.1099/mic.0.058792-0,literature,10.1099/mic.0.058792-0,,,,2012,Microbiology,6,6,6,,Article/耐甲醇相关脂肪酶文献/人工下载/鉴定与脂蛋白酶LipBL水解活性相关的氨基酸的鉴定.pdf
10.1111/1750-3841.70302,literature,10.1111/1750-3841.70302,,,,2025,Journal of Food Science,1,1,1,LMT_PAGE_TLL,Article/耐甲醇相关脂肪酶文献/新录入/Journal of Food Science - 2025 - Zhou - Fabrication of Nanomaterial‐Immobilized Lipase Enables Robust Enzymatic.pdf
10.1111/gcbb.70009,literature,10.1111/gcbb.70009,,,,2024,GCB Bioenergy,1,1,1,,Article/耐甲醇相关脂肪酶文献/literature_source_count_manual/GCB Bioenergy - 2024 - Karaman - A New Enzyme for Biodiesel Production and Food Applications Lipase of Bacillus megaterium.pdf
10.11144/javeriana.sc22-1.rsmr,literature,10.11144/javeriana.sc22-1.rsmr,,,,2017,Universitas Scientiarum,8,2,1,,Article/耐甲醇相关脂肪酶文献/新录入/Response-Surface-Methodology-RSM-for-analysing-culture-conditions-of-Acidocella-facilis-strain-USBA-GBX-505-and-Partial-Purification-and-Biochemi.pdf
10.1128/AEM.02072-14,literature,10.1128/AEM.02072-14,,,,2014,Applied and Environmental Microbiology,4,1,1,,Article/耐甲醇相关脂肪酶文献/人工下载/新发现的酸珠菌（sulhoobacillus acidophilus）中热稳定的酯酶：邻苯二甲酸酯降解中的性质与性能.pdf
10.1128/AEM.02143-18,literature,10.1128/AEM.02143-18,,,,2018,Applied and Environmental Microbiology,21,7,7,,Article/耐甲醇相关脂肪酶文献/gihaz-et-al-2018-filling-the-void-introducing-aromatic-interactions-into-solvent-tunnels-to-enhance-lipase-stability-in.pdf
10.1128/AEM.03371-13,literature,10.1128/AEM.03371-13,,,,2014,Applied and Environmental Microbiology,30,15,5,,Article/耐甲醇相关脂肪酶文献/Protein Engineering by Random Mutagenesis and Structure-Guided.pdf; Article/耐甲醇相关脂肪酶文献/通过随机诱变与结构引导共识对Geobacillus stearothermophilus Lipase T6进行蛋白质工程，以增强甲醇稳定性.pdf
10.1128/spectrum.01422-21,literature,10.1128/spectrum.01422-21,,,,2022,Microbiology Spectrum,3,1,1,,Article/耐甲醇相关脂肪酶文献/人工下载/鞘菌属Ab3脂肪酶及其与LEA肽的共表达特性.pdf
10.1155/2013/435818,literature,10.1155/2013/435818,,,,2013,BioMed Research International,2,1,1,,Article/耐甲醇相关脂肪酶文献/新录入/Acid-Lipase-from-Candida-viswanathii-Production-Biochemical-Properties-and-Potential-Application.pdf
10.1155/2014/108913,literature,10.1155/2014/108913,,,,2014,BioMed Research International,3,3,1,,Article/耐甲醇相关脂肪酶文献/新录入/Lipolytic-Potential-of-Aspergillus-japonicus-LAB01-Production-Partial-Purification-and-Characterisation-of-an-Extracellular-Lipase.pdf
10.1155/2014/289749,literature,10.1155/2014/289749,,,,2014,ISRN Biochemistry,1,1,1,,Article/耐甲醇相关脂肪酶文献/新录入/New-Lipase-for-Biodiesel-Production-Partial-Purification-and-Characterization-of-LipSB-25-4.pdf
10.1155/2016/1353497,literature,10.1155/2016/1353497,,,,2016,Enzyme Research,1,1,1,,Article/耐甲醇相关脂肪酶文献/literature_source_count_manual/Enzyme Research - 2016 - de Almeida - Agroindustrial Wastes as Alternative for Lipase Production by Candida viswanathii.pdf
10.1186/1475-2859-10-54,literature,10.1186/1475-2859-10-54,,,,2011,Microbial Cell Factories,2,1,1,,Article/耐甲醇相关脂肪酶文献/新录入/Identification-and-characterization-of-a-new-true-lipase-isolated-through-metagenomic-approach.pdf
10.1186/1475-2859-11-72,literature,10.1186/1475-2859-11-72,,,,2012,Microbial Cell Factories,2,1,1,,Article/耐甲醇相关脂肪酶文献/新录入/Isolation-identification-and-biochemical-characterization-of-a-novel-halo-tolerant-lipase-from-the-metagenome.pdf
10.1186/1754-6834-6-70,literature,10.1186/1754-6834-6-70,,,,2013,Biotechnology for Biofuels,201,21,6,LMT_PAGE_BCL; LMT_PAGE_PML,Article/耐甲醇相关脂肪酶文献/柴油酶：通过定向进化开发稳定且耐甲醇的生物柴油脂肪酶.pdf
10.1186/1754-6834-7-111,literature,10.1186/1754-6834-7-111,,,,2014,Biotechnology for Biofuels,3,3,3,,Article/耐甲醇相关脂肪酶文献/新录入/Improved-production-of-a-recombinant-Rhizomucor-miehei-lipase-expressed-in-Pichia-pastoris-and-its-application-for-conve.pdf
10.1186/s12896-015-0214-0,literature,10.1186/s12896-015-0214-0,,,,2015,BMC Biotechnology,2,1,1,,Article/耐甲醇相关脂肪酶文献/新录入/A-novel-eurythermic-and-thermostale-lipase-LipM-from-Pseudomonas-moraviensis-M9-and-its-application-in-the-partial-hydro.pdf
10.1186/s13068-016-0501-6,literature,10.1186/s13068-016-0501-6,,,,2016,Biotechnology for Biofuels,1,1,1,,Article/耐甲醇相关脂肪酶文献/新录入/Expression-and-characterization-of-a-novel-1-3-regioselective-cold-adapted-lipase-from-Rhizomuc.pdf
10.1186/s13068-019-1509-5,literature,10.1186/s13068-019-1509-5,,,,2019,Biotechnology for Biofuels,2,2,2,LMT_PAGE_PML,Article/耐甲醇相关脂肪酶文献/新录入/Genetically-encoded-immobilized-lipase-2019-directed-evolution-biodiesel.pdf
10.1186/s13068-021-02087-6,literature,10.1186/s13068-021-02087-6,,,,2021,Biotechnology for Biofuels,91,14,7,LMT_PAGE_RML,Article/耐甲醇相关脂肪酶文献/人工下载/基于α螺旋区N-糖基化及其在生物柴油生产中的应用，提升了Rhizomucor miehei脂肪酶的甲醇耐受性.pdf
10.1186/s13568-018-0698-9,literature,10.1186/s13568-018-0698-9,,,,2018,AMB Express,1,1,1,,Article/耐甲醇相关脂肪酶文献/新录入/A-novel-Serratia-sp.-ZS6-isolate-derived-from-petroleum-sludge-secretes-biosurfactant-and-lipase-in-medium-with-olive-oil-as-sole-carbon-source.pdf
10.1186/s13568-025-01966-7,literature,10.1186/s13568-025-01966-7,,,,2025,AMB Express,13,3,2,,Article/耐甲醇相关脂肪酶文献/新录入/Methanol-response-of-V171S-lipase-from-Geobacillus-sp-42-explored-via-experimental-and-in-silico-approaches.pdf
10.1186/s13765-021-00653-y,literature,10.1186/s13765-021-00653-y,,,,2021,Applied Biological Chemistry,2,1,1,,Article/耐甲醇相关脂肪酶文献/人工下载/从堆肥宏基因组文库中对具有R-形式对抗选择性的IV家族酯酶的生化表征.pdf
10.1186/s40643-017-0154-8,literature,10.1186/s40643-017-0154-8,,,,2017,Bioresources and Bioprocessing,1,1,1,,Article/耐甲醇相关脂肪酶文献/新录入/Green-synthesis-of-enzyme-metal-organic-framework-composites-with-high-stability-in-protein-denaturing-solvents.pdf
10.1186/s43141-021-00155-w,literature,10.1186/s43141-021-00155-w,,,,2021,Journal of Genetic Engineering and Biotechnology,1,1,1,,Article/耐甲醇相关脂肪酶文献/新录入/Expression-of-novel-acidic-lipase-from-Micrococcus-luteus-in-Pichia-pastoris-and-its-application-in-transesterification.pdf
10.1186/s43141-023-00611-9,literature,10.1186/s43141-023-00611-9,,,,2023,Journal of Genetic Engineering and Biotechnology,1,1,1,,Article/耐甲醇相关脂肪酶文献/新录入/Lipolytic-bacterium-tempeh-2023-acidic-lipase.pdf
10.1263/jbb.102.82,literature,10.1263/jbb.102.82,,,,2006,Journal of Bioscience and Bioengineering,3,2,1,,Article/耐甲醇相关脂肪酶文献/新增/从腐败矿物切割油中分离出的铜绿假单胞菌碱性脂肪酶的纯化与表征，作为金属工件的成分.pdf
10.1271/bbb.120733,literature,10.1271/bbb.120733,,,,2013,"Bioscience, Biotechnology, and Biochemistry",2,1,1,,Article/耐甲醇相关脂肪酶文献/新录入/An-Organic-Solvent-Tolerant-Alkaline-Lipase-from-Cold-Adapted-Pseudomonas-mandelii-Cloning-Expression-and-Characterizati.pdf
10.12988/asb.2013.3624,literature,10.12988/asb.2013.3624,,,,2013,Advances in Studies in Biology,2,1,1,,Article/耐甲醇相关脂肪酶文献/新录入/Organic-solvent-and-surfactant-tolerant-thermostable-lipase-isolated-from-a-thermophilic-bacter.pdf
10.1371/journal.pone.0023325,literature,10.1371/journal.pone.0023325,,,,2011,PLoS ONE,1,1,1,,Article/耐甲醇相关脂肪酶文献/新增/一种新型亲盐脂肪酶LipBL，在生产二次五戊酸（EPA）方面表现出高效率.pdf
10.1371/journal.pone.0047665,literature,10.1371/journal.pone.0047665,,,,2012,PLOS ONE,4,4,2,,Article/耐甲醇相关脂肪酶文献/新录入/The-Metagenome-Derived-Enzymes-LipS-and-LipT-Increase-the-Diversity-of-Known-Lipases.pdf
10.1371/journal.pone.0059376,literature,10.1371/journal.pone.0059376,,,,2013,PLOS ONE,1,1,1,,Article/耐甲醇相关脂肪酶文献/新录入/An-Application-of-Wastewater-Treatment-in-a-Cold-Environment-and-Stable-Lipase-Production-of-Antarctic-Basidio.pdf
10.1371/journal.pone.0286091,literature,10.1371/journal.pone.0286091,,,,2023,PLOS ONE,3,3,3,,Article/耐甲醇相关脂肪酶文献/新录入/Fusarium-annulatum-FAL-2023-alkaline-organic-solvent-tolerant-lipase.pdf
10.1371/journal.pone.0314556,literature,10.1371/journal.pone.0314556,,,,2024,PLOS ONE,2,1,1,,Article/耐甲醇相关脂肪酶文献/新录入/Bacillus-licheniformis-IBRL-CHS2-2024-subfamily-14-methanol-stable-lipase.pdf
10.14393/bj-v38n0a2022-53865,literature,10.14393/bj-v38n0a2022-53865,,,,2022,Bioscience Journal,1,1,1,,Article/耐甲醇相关脂肪酶文献/新录入/Characterization-of-highly-stable-extracellular-lipase-from-the-extremely-halophilic-archaeon-Halolamina-sp..pdf
10.15171/ijb.1225,literature,10.15171/ijb.1225,,,,2015,Iranian Journal of Biotechnology,1,1,1,,Article/耐甲醇相关脂肪酶文献/新录入/Bacillus-sp-PS35-Lipase-Immobilization-on-Styrene-Divinyl-Benzene-Resin-and-Application-in-Fatty-Acid-Methyl-Ester.pdf
10.15174/au.2024.4153,literature,10.15174/au.2024.4153,,,,2024,Acta Universitaria,1,1,1,,Article/耐甲醇相关脂肪酶文献/新录入/Optimization-and-characterization-of-solvent-tolerant-lipases-from-Geobacillus-stearothermophilus-CHI1-2.pdf
10.15414/jmbfs.2016.5.6.602-605,literature,10.15414/jmbfs.2016.5.6.602-605,,,,2016,Journal of Microbiology Biotechnology and Food Sciences,1,1,1,,Article/耐甲醇相关脂肪酶文献/新录入/PURIFICATION-AND-CHARACTERIZATION-OF-SOLVENT-STABLE-LIPASE-FROM-A-SOLVENT-TOLERANT-STRAIN-OF-GEOBACILLUS-STEAROTHERMOPHILUS-PS-11.pdf
10.1590/s1517-838246420141068,literature,10.1590/s1517-838246420141068,,,,2015,Brazilian Journal of Microbiology,3,1,1,,Article/耐甲醇相关脂肪酶文献/新录入/Gene-cloning-expression-and-characterization-of-the-Bacillus-amyloliquefaciens-PS35-lipase-3.pdf
10.1631/jzus.b1800213,literature,10.1631/jzus.b1800213,,,,2019,Journal of Zhejiang University-SCIENCE B,1,1,1,,Article/耐甲醇相关脂肪酶文献/人工下载/从酿馅馒头蒸锅中分离出的Aureobasidium pullulans细胞外脂肪酶的筛选、纯化和表征.pdf
10.20546/ijcmas.2016.511.079,literature,10.20546/ijcmas.2016.511.079,,,,2016,International Journal of Current Microbiology and Applied Sciences,2,2,2,,Article/耐甲醇相关脂肪酶文献/新录入/Characterization-of-Lipase-from-Wild-LPF-5-and-Mutant-HN1-Strain-of-Aspergillus-niger.pdf
10.22302/iribb.jur.mp.v93i2.633,literature,10.22302/iribb.jur.mp.v93i2.633,,,,2025,Menara Perkebunan,1,1,1,,Article/耐甲醇相关脂肪酶文献/新录入/Characterisation-of-novel-acidic-lipase-of-Corynebacterium-nuruki-PM2-from-palm-oil-mill-effluent-for-palm-oil-derivatis.pdf
10.22302/iribb.jur.mp.v93i2.673,literature,10.22302/iribb.jur.mp.v93i2.673,,,,2025,Menara Perkebunan,2,2,2,,Article/耐甲醇相关脂肪酶文献/新录入/Characterization-of-sn-1-3-extracellular-lipases-of-Aspergillus-niger-and-Rhizopus-oryzae-for-the-crude-palm-oil-hydrolysis.pdf
10.2306/scienceasia1513-1874.2011.37.105,literature,10.2306/scienceasia1513-1874.2011.37.105,,,,2011,ScienceAsia,1,1,1,,Article/耐甲醇相关脂肪酶文献/新录入/10-2306-scienceasia1513-1874-2011-37-105.pdf
10.2306/scienceasia1513-1874.2014.40.327,literature,10.2306/scienceasia1513-1874.2014.40.327,,,,2014,ScienceAsia,1,1,1,,Article/耐甲醇相关脂肪酶文献/新录入/Immobilization-of-a-thermophilic-solvent-stable-lipase-from-Acinetobacter-baylyi-and-its-potential-for-use-in-biodiesel.pdf
10.25083/rbl/26.5/2994.3001,literature,10.25083/rbl/26.5/2994.3001,,,,2021,Romanian Biotechnological Letters,2,1,1,,Article/耐甲醇相关脂肪酶文献/literature_source_count_manual/Purification and characterization of thermo-alkaline stable lipase.pdf
10.3389/fbioe.2020.00642,literature,10.3389/fbioe.2020.00642,,,,2020,Frontiers in Bioengineering and Biotechnology,1,1,1,,Article/耐甲醇相关脂肪酶文献/新录入/A-Broad-Temperature-Active-Lipase-Purified-From-a-Psychrotrophic-Bacterium-of-Sikkim-Himalaya-With-Potential-A.pdf
10.3389/fbioe.2020.01034,literature,10.3389/fbioe.2020.01034,,,,2020,Frontiers in Bioengineering and Biotechnology,5,5,4,,Article/耐甲醇相关脂肪酶文献/新录入/Directed-Evolution-of-Pseudomonas-fluorescens-Lipase-Variants-With-Improved-Thermostability-Using-Error-P.pdf
10.3389/fmicb.2021.633489,literature,10.3389/fmicb.2021.633489,,,,2021,Frontiers in Microbiology,1,1,1,,Article/耐甲醇相关脂肪酶文献/新录入/Gene-Expression-Biochemical-Characterization-of-a-sn-1-3-Extracellular-Lipase-From-Aspergillus-niger-GZUF36-and-Its-Mode.pdf
10.3389/fmicb.2023.1270270,literature,10.3389/fmicb.2023.1270270,,,,2023,Frontiers in Microbiology,3,1,1,,Article/耐甲醇相关脂肪酶文献/新录入/Brevibacillus-SHI160-2023-thermostable-organic-solvent-tolerant-lipase.pdf
10.3390/catal12070761,literature,10.3390/catal12070761,,,,2022,Catalysts,60,5,5,LMT_PAGE_PML,Article/耐甲醇相关脂肪酶文献/Different Effects of Salt Bridges near the Active Site of.pdf
10.3390/fermentation10120595,literature,10.3390/fermentation10120595,,,,2024,Fermentation,2,2,2,,Article/耐甲醇相关脂肪酶文献/新录入/Hyphopichia-Yarrowia-2024-extracellular-lipases-organic-solvent-response.pdf
10.3390/ijms11093195,literature,10.3390/ijms11093195,,,,2010,International Journal of Molecular Sciences,1,1,1,,Article/耐甲醇相关脂肪酶文献/新录入/Staphylococcus_epidermidis_AT2_IJMS1193195.pdf
10.3390/ijms12106765,literature,10.3390/ijms12106765,,,,2011,International Journal of Molecular Sciences,2,1,1,,Article/耐甲醇相关脂肪酶文献/新录入/A-Novel-Cold-Adapted-Lipase-from-Sorangium-cellulosum-Strain-So0157-2-Gene-Cloning-Expression-and-Enzymat.pdf
10.3390/ijms16034865,literature,10.3390/ijms16034865,,,,2015,International Journal of Molecular Sciences,1,1,1,,Article/耐甲醇相关脂肪酶文献/新录入/Biochemical-Properties-and-Structure-Analysis-of-a-DAG-Like-Lipase-from-Malassezia-globosa.pdf
10.3390/ijms18112202,literature,10.3390/ijms18112202,,,,2017,International Journal of Molecular Sciences,2,2,2,,Article/耐甲醇相关脂肪酶文献/literature_source_count_manual/Directed Evolution of Recombinant C-Terminal Truncated Staphylococcus epidermidis Lipase AT2 for the Enhancement of Thermostability.pdf
10.3390/ijms19020560,literature,10.3390/ijms19020560,,,,2018,International Journal of Molecular Sciences,1,1,1,,Article/耐甲醇相关脂肪酶文献/literature_source_count_manual/南极假单胞菌属中耐热脂肪酶生化和结构特征的N端结构域移除效应。菌株AMS3.pdf
10.3390/ijms19041129,literature,10.3390/ijms19041129,,,,2018,International Journal of Molecular Sciences,3,1,1,,Article/耐甲醇相关脂肪酶文献/新增/一种具有水解和合成活性的有机耐溶剂脂肪酶，来自油菌海苔菌（Mortierella echinosphaera）.pdf
10.3390/ijms20061264,literature,10.3390/ijms20061264,,,,2019,International Journal of Molecular Sciences,1,1,1,,Article/耐甲醇相关脂肪酶文献/literature_source_count_manual/从南极西格尼岛分离出的新型重组冷适应有机溶剂耐受脂肪酶，源自亲性铜珠菌属LSK25.pdf
10.3390/ijms20102561,literature,10.3390/ijms20102561,,,,2019,International Journal of Molecular Sciences,4,4,4,,Article/耐甲醇相关脂肪酶文献/新录入/Changes-of-Thermostability-Organic-Solvent-and-pH-Stability-in-Geobacillus-zalihae-HT1-and-Its-Mutant-by-Calcium-Ion.pdf
10.3390/ijms21113925,literature,10.3390/ijms21113925,,,,2020,International Journal of Molecular Sciences,28,4,2,,Article/耐甲醇相关脂肪酶文献/人工下载/来自铜绿假单胞菌PSA01的功能性异源表达：大肠杆菌和BL21（DE3）中成熟脂肪酶LipA的功能异源表达：表达宿主对酶产生的热稳定性和溶剂耐受性的影响.pdf
10.3390/ijms24108924,literature,10.3390/ijms24108924,,,,2023,International Journal of Molecular Sciences,2,2,1,,Article/耐甲醇相关脂肪酶文献/新录入/Characterization-of-a-New-Thermostable-and-Organic-Solution-Tolerant-Lipase-from-Pseudomonas-fluorescens-and-I.pdf
10.3390/ijms242317071,literature,10.3390/ijms242317071,,,,2023,International Journal of Molecular Sciences,4,4,1,,Article/耐甲醇相关脂肪酶文献/新录入/来自脱皮链霉菌的新型脂肪酶，适用于生物技术应用.pdf
10.3390/ijms25147928,literature,10.3390/ijms25147928,,,,2024,International Journal of Molecular Sciences,6,6,1,,Article/耐甲醇相关脂肪酶文献/literature_source_count_manual/来自南极亲热细菌Geobacillus属ID17的新型热碱性脂肪酶的重组表达与表征，其溶剂稳定性提升.pdf
10.3390/microorganisms9040802,literature,10.3390/microorganisms9040802,,,,2021,Microorganisms,4,2,2,,Article/耐甲醇相关脂肪酶文献/新录入/Deep-sea-cold-seep-bacterium-2021-two-cold-active-lipases.pdf
10.3390/molecules30030434,literature,10.3390/molecules30030434,,,,2025,Molecules,1,1,1,,Article/耐甲醇相关脂肪酶文献/新录入/Preparation-and-Biochemical-Characterization-of-Penicillium-crustosum-Thom-P22-Lipase-Immobilization-Using-Adsorption-Encapsulation-and-Adsorptio.pdf
10.4014/jmb.1106.06048,literature,10.4014/jmb.1106.06048,,,,2011,Journal of Microbiology and Biotechnology,6,6,1,,Article/耐甲醇相关脂肪酶文献/新录入/Photobacterium_lipolyticum_lipase_M37_JMB2011.pdf
10.4014/jmb.1408.08039,literature,10.4014/jmb.1408.08039,,,,2015,Journal of Microbiology and Biotechnology,6,1,1,,Article/耐甲醇相关脂肪酶文献/新录入/Gene-Cloning-High-Level-Expression-and-Characterization-of-an-Alkaline-and-Thermostable-Lipase-from-Trichosporon-coremii.pdf
10.4014/jmb.1506.06011,literature,10.4014/jmb.1506.06011,,,,2015,Journal of Microbiology and Biotechnology,2,1,1,,Article/耐甲醇相关脂肪酶文献/新录入/Characterizing-LipR-from-Pseudomonas-sp-R0-14-and-Applying-in-Enrichment-of-Polyunsaturated-Fatty-Acids-from-Algal-Oil.pdf
10.4014/jmb.1806.06032,literature,10.4014/jmb.1806.06032,,,,2018,Journal of Microbiology and Biotechnology,4,1,1,,Article/耐甲醇相关脂肪酶文献/新录入/EstSP2-Sphingomonas-glacialis-organic-solvent-tolerant-esterase-2018.pdf
10.4014/jmb.1812.12013,literature,10.4014/jmb.1812.12013,,,,2019,Journal of Microbiology and Biotechnology,1,1,1,,Article/耐甲醇相关脂肪酶文献/新录入/Isolation-Cloning-and-Co-Expression-of-Lipase-and-Foldase-Genes-of-Burkholderia-territorii-GP3-from-Mount-Papandayan-Soil-2.pdf
10.4308/hjb.30.1.71-80,literature,10.4308/hjb.30.1.71-80,,,,2023,HAYATI Journal of Biosciences,2,1,1,,Article/耐甲醇相关脂肪酶文献/新录入/Cloning-and-Co-Expression-of-Lipase-and-its-Specific-Foldase-from-Ralstonia-pickettii-BK6.pdf
10.48048/tis.2021.45,literature,10.48048/tis.2021.45,,,,2021,Trends in Sciences,1,1,1,,Article/耐甲醇相关脂肪酶文献/新录入/Purification-and-Characterization-of-an-Extracellular-Lipase-Produced-by-Aspergillus-oryzae-ST11-as-a-Potential-Catalyst-for-an-Organic-Synthesis.pdf
10.48048/tis.2024.8504,literature,10.48048/tis.2024.8504,,,,2024,Trends in Sciences,1,1,1,,Article/耐甲醇相关脂肪酶文献/新录入/Optimization-Purification-and-Characterization-of-Lipase-from-Streptomyces-sp-A3301-with-Application-of-C.pdf
10.48048/tis.2026.13231,literature,10.48048/tis.2026.13231,,,,2026,Trends in Sciences,3,3,1,,Article/耐甲醇相关脂肪酶文献/新录入/Methanol-Tolerant-Lipase-from-Newly-Isolated-Saprochaete-clavata-17B-Production-Characterization-and-Application-in-Gree.pdf
10.5897/ajb2017.16044,literature,10.5897/ajb2017.16044,,,,2017,African Journal of Biotechnology,1,1,1,,Article/耐甲醇相关脂肪酶文献/新录入/Purification-and-characterization-of-thermostable-and-alcohol-tolerant-lipase-from-Pseudoxanthomonas-sp.-2.pdf
10.5897/ajmr2015.7493,literature,10.5897/ajmr2015.7493,,,,2015,African Journal of Microbiology Research,3,1,1,,Article/耐甲醇相关脂肪酶文献/新录入/Colletotrichum-gloeosporioides-lipase-Characterization-and-use-in-hydrolysis-and-esterifications.pdf
10.7717/peerj.2420,literature,10.7717/peerj.2420,,,,2016,PeerJ,1,1,1,,Article/耐甲醇相关脂肪酶文献/新录入/Expression-and-characterization-of-thermotolerant-lipase-with-broad-pH-profiles-isolated-from-an-Antarctic-Pse.pdf
CN102174422B,patent,not_applicable_patent,CN102174422B,CN102174422_family_gap20,https://patents.google.com/patent/CN102174422B/zh,2014,patent,1,1,1,,/home/lvyziyer/Analysis/Article/专利信息文件/CN102174422B_google_patents.pdf
CN103184160A,patent,not_applicable_patent,CN103184160A,CN103184160_family,https://patents.google.com/patent/CN103184160A/zh,2013,patent,9,1,1,,Article/专利信息文件/CN103184160A_google_patents.pdf
CN103865941B,patent,not_reported,CN103865941B,CN103865941_family,https://patents.google.com/patent/CN103865941B/zh,2018,patent,12,2,1,,Article/专利信息文件/CN103865941B.pdf
CN108251400B,patent,not_applicable_patent,CN108251400B,CN108251400_family,https://patents.google.com/patent/CN108251400B/en,2022,patent,9,3,3,LMT_PAGE_CALB,Article/专利信息文件/CN108251400B_google_patents.pdf
CN115369099B,patent,not_applicable_patent,CN115369099B,CN115369099B_single_family,https://patents.google.com/patent/CN115369099B/en,2023,patent,67,10,5,LMT_PAGE_RML,Article/专利信息文件/CN115369099B.pdf
CN117070495B,patent,not_applicable_patent,CN117070495B,CN117070495_family,https://patents.google.com/patent/CN117070495B/zh,2024,patent,50,10,5,LMT_PAGE_TLL,Article/专利信息文件/CN117070495B_google_patents.pdf
CN117887688A,patent,not_applicable_patent,CN117887688A,CN117887688_family,https://patents.google.com/patent/CN117887688A/zh,2024,patent,1,1,1,,Article/专利信息文件/CN117887688A_google_patents.pdf
CN119082082B,patent,not_applicable_patent,CN119082082B,CN119082082B_single_family,https://patents.google.com/patent/CN119082082B/en,2025,patent,2,2,2,LMT_PAGE_TLL,Article/专利信息文件/CN119082082B_google_patents.pdf
EP2050823A1,patent,not_applicable_patent,EP2050823A1,EP2050823_family_gap20,https://patents.google.com/patent/EP2050823A1/en,,patent,11,11,1,,/home/lvyziyer/Analysis/Article/专利信息文件/EP2050823A1.pdf
not_reported,literature,not_reported,,,,2025,JSM Enzymology and Protein Science,50,0,21,LMT_PAGE_UM1,Article/参考实验室文献/MAS1-提高脂肪酶MAS1酯化能力的理性改造及其高密度发酵的研究_肖阳.pdf; Article/参考实验室文献/MAS1-脂肪酶MAS1酯化产物积累偏好性的分子改造及其应用研究_杨阳.pdf; Article/耐甲醇相关脂肪酶文献/literature_source_count_manual/低温脂肪酶产生菌筛选与鉴定、产酶条件及酶学性质研究.pdf; Article/耐甲醇相关脂肪酶文献/人工下载/Characterization_and_solvent_stable_features_of_St.pdf; Article/耐甲醇相关脂肪酶文献/人工下载/Purification and Properties of Lipase from Pseudomonas.pdf; Article/耐甲醇相关脂肪酶文献/人工下载/来自铜绿假单胞菌FW_SH-1的有机溶剂耐受脂肪酶：纯化与特性分析.pdf; Article/耐甲醇相关脂肪酶文献/新录入/A-Cold-Adapted-Lipase-of-an-Alaskan-Psychrotroph-Pseudomonas-sp.-Strain-B11-1-Gene-Cloning-and-Enzyme-Purification-and-Characterization.pdf; Article/耐甲醇相关脂肪酶文献/新录入/An-oxidant-and-organic-solvent-tolerant-alkaline-lipase-by-P-aeruginosa-mutant-downstream-processing-and-biochemical-cha.pdf; Article/耐甲醇相关脂肪酶文献/新录入/Biodegradation-of-waste-greases-and-biochemical-properties-of-a-novel-lipase-from-i-Pseudomonas-synxantha-i-PS1.pdf; Article/耐甲醇相关脂肪酶文献/新录入/Characterization-of-low-cost-lipase-by-solid-state-fermentation-of-palm-kernel-cake-using-Candida-cylindracea.pdf; Article/耐甲醇相关脂肪酶文献/新录入/分子动力学模拟结合机器学习指导脂肪酶UM-1理性设计提高有机溶剂耐受研究_贺云楼.pdf
WO2009069116A2,patent,not_applicable_patent,WO2009069116A2,WO2009069116_family_gap20,https://patents.google.com/patent/WO2009069116A2/en,,patent,2,2,1,LMT_PAGE_CALB,/home/lvyziyer/Analysis/Article/专利信息文件/WO2009069116A2.pdf
WO2011067349A1,patent,not_applicable_patent,WO2011067349A1,google_patents_family_43618817,https://patents.google.com/patent/WO2011067349A1/en,2011,patent,33,33,33,LMT_PAGE_CALB,not_applicable_patent_source_url
WO2013022320A2,patent,not_applicable_patent,WO2013022320A2,WO2013022320_family_gap20,https://patents.google.com/patent/WO2013022320A2/en,2013,patent,1,1,1,,/home/lvyziyer/Analysis/results/2026-06-09_164017_patent_family_gap20/web_patent_source_captures.md
WO2014074352A1,patent,not_applicable_patent_layer,WO2014074352A1,google_patents_family_57631671,https://patents.google.com/patent/WO2014074352A1/en,2014,not_applicable_patent_publication,201,21,6,LMT_PAGE_BCL; LMT_PAGE_PML,Article/专利信息文件/WO2014074352A1_google_patents.pdf
WO2023282853A2,patent,not_applicable_patent_layer,WO2023282853A2,google_patents_family_WO2023282853,https://patents.google.com/patent/WO2023282853A2/en,2023,not_applicable_patent_publication,330,66,66,,Article/专利信息文件/WO2023282853A2_google_patents.pdf
